-- ============================================
-- 商品 SPU + SKU + 库存 种子数据
-- 版本：V1.0.3
-- 包含：30 个 SPU（每个至少 4 个 SKU）+ 品牌补充
-- ============================================

-- ----------------------------
-- 0. 品牌数据（INSERT IGNORE 幂等）
-- ----------------------------
INSERT IGNORE INTO `mall_product_brand` (`id`, `name`, `logo`, `description`, `sort_order`) VALUES
(1, 'Apple',
 'https://cdn.example.com/brand/1/apple-logo.png',
 '全球领先的科技公司，iPhone、Mac、iPad 等消费电子产品领导者，以创新设计和极致用户体验著称',
 1),
(2, '华为',
 'https://cdn.example.com/brand/2/huawei-logo.png',
 '全球领先的信息与通信技术解决方案提供商，智能手机、PC、智能家居等全场景智慧生活生态',
 2),
(3, 'Nike',
 'https://cdn.example.com/brand/3/nike-logo.png',
 '全球知名运动品牌，以创新科技和卓越设计为核心，提供运动鞋服及装备',
 3),
(4, '百雀羚',
 'https://cdn.example.com/brand/4/baiquejuan-logo.png',
 '国货经典护肤品牌，专注草本天然护肤，产品覆盖面膜、面霜、精华等多个品类',
 4);
SELECT CONCAT('品牌数据已就绪: ', ROW_COUNT(), ' 条新增') AS `status`;

-- ----------------------------
-- 清空旧数据（按约束顺序）
-- ----------------------------
DELETE FROM `mall_product_sku_stock` WHERE `sku_id` >= 200101;
DELETE FROM `mall_product_sku` WHERE `spu_id` >= 2001;
DELETE FROM `mall_product_spu` WHERE `id` >= 2001;

-- ----------------------------
-- 1. SPU 数据（30 条）
-- ----------------------------
INSERT INTO `mall_product_spu` (
    `id`, `category_id`, `brand_id`, `spu_name`, `spu_description`,
    `main_image`, `images_json`,
    `price_min`, `price_max`,
    `sales_count`, `review_count`,
    `publish_status`, `verify_status`, `is_deleted`,
    `create_by`, `update_by`,
    `create_time`, `update_time`, `version`
) VALUES
(2001, 3, 1, 'iPhone 16 Pro Max', '<p>Apple A18 Pro 芯片，6.9 英寸超视网膜 XDR 显示屏，钛金属设计，4800 万像素主摄</p>', 'https://cdn.example.com/spu/2001/main.jpg', '["https://cdn.example.com/spu/2001/main.jpg","https://cdn.example.com/spu/2001/sub1.jpg","https://cdn.example.com/spu/2001/sub2.jpg"]', 999900, 1299900, 1012, 22, 1, 1, 0, 'system', 'system', '2026-06-01 08:25:42', '2026-06-01 08:25:42', 0),
(2002, 3, 1, 'iPhone 16 Pro', '<p>Apple A18 Pro 芯片，6.3 英寸超视网膜 XDR 显示屏，钛金属设计</p>', 'https://cdn.example.com/spu/2002/main.jpg', '["https://cdn.example.com/spu/2002/main.jpg","https://cdn.example.com/spu/2002/sub1.jpg","https://cdn.example.com/spu/2002/sub2.jpg"]', 799900, 1049900, 4927, 152, 1, 1, 0, 'system', 'system', '2026-06-01 08:25:42', '2026-06-01 08:25:42', 0),
(2003, 3, 1, 'iPhone 16', '<p>Apple A18 芯片，6.1 英寸超视网膜 XDR 显示屏，4800 万像素主摄</p>', 'https://cdn.example.com/spu/2003/main.jpg', '["https://cdn.example.com/spu/2003/main.jpg","https://cdn.example.com/spu/2003/sub1.jpg","https://cdn.example.com/spu/2003/sub2.jpg"]', 599900, 699900, 4492, 73, 1, 1, 0, 'system', 'system', '2026-06-01 08:25:42', '2026-06-01 08:25:42', 0),
(2004, 3, 2, '华为 Mate 70 Pro', '<p>麒麟 9100 芯片，6.9 英寸 OLED 屏幕，5000 万像素超聚光主摄，卫星通信</p>', 'https://cdn.example.com/spu/2004/main.jpg', '["https://cdn.example.com/spu/2004/main.jpg","https://cdn.example.com/spu/2004/sub1.jpg","https://cdn.example.com/spu/2004/sub2.jpg"]', 699900, 949900, 1432, 199, 1, 1, 0, 'system', 'system', '2026-06-01 08:25:42', '2026-06-01 08:25:42', 0),
(2005, 3, 2, '华为 Pura 80 Pro', '<p>麒麟 9000 芯片，6.7 英寸 OLED 四曲屏，XMAGE 影像系统</p>', 'https://cdn.example.com/spu/2005/main.jpg', '["https://cdn.example.com/spu/2005/main.jpg","https://cdn.example.com/spu/2005/sub1.jpg","https://cdn.example.com/spu/2005/sub2.jpg"]', 599900, 879900, 2684, 215, 1, 1, 0, 'system', 'system', '2026-06-01 08:25:42', '2026-06-01 08:25:42', 0),
(2006, 3, 2, '华为 Mate X6', '<p>折叠屏旗舰，麒麟 9100 芯片，7.85 英寸柔性内屏，5000 万像素主摄</p>', 'https://cdn.example.com/spu/2006/main.jpg', '["https://cdn.example.com/spu/2006/main.jpg","https://cdn.example.com/spu/2006/sub1.jpg","https://cdn.example.com/spu/2006/sub2.jpg"]', 1399900, 1599900, 1233, 270, 1, 1, 0, 'system', 'system', '2026-06-01 08:25:42', '2026-06-01 08:25:42', 0),
(2007, 3, 1, 'iPhone 15 Pro Max', '<p>Apple A17 Pro 芯片，6.7 英寸超视网膜 XDR 显示屏，钛金属设计</p>', 'https://cdn.example.com/spu/2007/main.jpg', '["https://cdn.example.com/spu/2007/main.jpg","https://cdn.example.com/spu/2007/sub1.jpg","https://cdn.example.com/spu/2007/sub2.jpg"]', 799900, 949900, 1038, 359, 1, 1, 0, 'system', 'system', '2026-06-01 08:25:42', '2026-06-01 08:25:42', 0),
(2008, 8, 1, 'MacBook Pro 16', '<p>Apple M4 Max 芯片，16.2 英寸 Liquid Retina XDR 显示屏，36GB 统一内存</p>', 'https://cdn.example.com/spu/2008/main.jpg', '["https://cdn.example.com/spu/2008/main.jpg","https://cdn.example.com/spu/2008/sub1.jpg","https://cdn.example.com/spu/2008/sub2.jpg"]', 1999900, 2299900, 1729, 88, 1, 1, 0, 'system', 'system', '2026-06-01 08:25:42', '2026-06-01 08:25:42', 0),
(2009, 8, 1, 'MacBook Air 15', '<p>Apple M4 芯片，15.3 英寸 Liquid Retina 显示屏，18GB 统一内存</p>', 'https://cdn.example.com/spu/2009/main.jpg', '["https://cdn.example.com/spu/2009/main.jpg","https://cdn.example.com/spu/2009/sub1.jpg","https://cdn.example.com/spu/2009/sub2.jpg"]', 1099900, 1299900, 4081, 427, 1, 1, 0, 'system', 'system', '2026-06-01 08:25:42', '2026-06-01 08:25:42', 0),
(2010, 8, 2, '华为 MateBook X Pro', '<p>Intel Core Ultra 9，14.2 英寸 OLED 3K 触控屏，32GB 内存，超级终端</p>', 'https://cdn.example.com/spu/2010/main.jpg', '["https://cdn.example.com/spu/2010/main.jpg","https://cdn.example.com/spu/2010/sub1.jpg","https://cdn.example.com/spu/2010/sub2.jpg"]', 1299900, 1499900, 4339, 241, 1, 1, 0, 'system', 'system', '2026-06-01 08:25:42', '2026-06-01 08:25:42', 0),
(2011, 8, 2, '华为 MateBook 14', '<p>Intel Core Ultra 5，14 英寸 2K 触控屏，16GB 内存，超级终端</p>', 'https://cdn.example.com/spu/2011/main.jpg', '["https://cdn.example.com/spu/2011/main.jpg","https://cdn.example.com/spu/2011/sub1.jpg","https://cdn.example.com/spu/2011/sub2.jpg"]', 699900, 799900, 680, 273, 1, 1, 0, 'system', 'system', '2026-06-01 08:25:42', '2026-06-01 08:25:42', 0),
(2012, 8, 1, 'MacBook Pro 14', '<p>Apple M4 Pro 芯片，14.2 英寸 Liquid Retina XDR 显示屏，24GB 统一内存</p>', 'https://cdn.example.com/spu/2012/main.jpg', '["https://cdn.example.com/spu/2012/main.jpg","https://cdn.example.com/spu/2012/sub1.jpg","https://cdn.example.com/spu/2012/sub2.jpg"]', 1499900, 1699900, 906, 41, 1, 1, 0, 'system', 'system', '2026-06-01 08:25:42', '2026-06-01 08:25:42', 0),
(2013, 8, 2, '华为 MateBook 16s', '<p>Intel Core Ultra 7，16 英寸 2.5K 大屏，32GB 内存，数字小键盘</p>', 'https://cdn.example.com/spu/2013/main.jpg', '["https://cdn.example.com/spu/2013/main.jpg","https://cdn.example.com/spu/2013/sub1.jpg","https://cdn.example.com/spu/2013/sub2.jpg"]', 899900, 1049900, 514, 343, 1, 1, 0, 'system', 'system', '2026-06-01 08:25:42', '2026-06-01 08:25:42', 0),
(2014, 13, 2, '1.5匹 新一级变频冷暖空调', '<p>新一级能效，变频冷暖，自清洁，智能WiFi控制，适用15-22㎡</p>', 'https://cdn.example.com/spu/2014/main.jpg', '["https://cdn.example.com/spu/2014/main.jpg","https://cdn.example.com/spu/2014/sub1.jpg","https://cdn.example.com/spu/2014/sub2.jpg"]', 299900, 349900, 2436, 226, 1, 1, 0, 'system', 'system', '2026-06-01 08:25:42', '2026-06-01 08:25:42', 0),
(2015, 13, 2, '3匹 新一级变频冷暖立式空调', '<p>新一级能效，变频冷暖，圆柱柜机，自清洁，适用30-45㎡</p>', 'https://cdn.example.com/spu/2015/main.jpg', '["https://cdn.example.com/spu/2015/main.jpg","https://cdn.example.com/spu/2015/sub1.jpg","https://cdn.example.com/spu/2015/sub2.jpg"]', 599900, 669900, 4450, 90, 1, 1, 0, 'system', 'system', '2026-06-01 08:25:42', '2026-06-01 08:25:42', 0),
(2016, 13, 2, '大1匹 变频冷暖空调', '<p>新三级能效，变频冷暖，静音设计，适用10-15㎡</p>', 'https://cdn.example.com/spu/2016/main.jpg', '["https://cdn.example.com/spu/2016/main.jpg","https://cdn.example.com/spu/2016/sub1.jpg","https://cdn.example.com/spu/2016/sub2.jpg"]', 259900, 274900, 2673, 132, 1, 1, 0, 'system', 'system', '2026-06-01 08:25:42', '2026-06-01 08:25:42', 0),
(2017, 13, 2, '2匹 变频冷暖挂式空调', '<p>新一级能效，变频冷暖，挂机设计，自清洁，适用20-30㎡</p>', 'https://cdn.example.com/spu/2017/main.jpg', '["https://cdn.example.com/spu/2017/main.jpg","https://cdn.example.com/spu/2017/sub1.jpg","https://cdn.example.com/spu/2017/sub2.jpg"]', 449900, 504900, 1185, 487, 1, 1, 0, 'system', 'system', '2026-06-01 08:25:42', '2026-06-01 08:25:42', 0),
(2018, 13, 2, '中央空调 一拖四 多联机', '<p>全直流变频，一级能效，一拖四，智能控制，适用80-110㎡</p>', 'https://cdn.example.com/spu/2018/main.jpg', '["https://cdn.example.com/spu/2018/main.jpg","https://cdn.example.com/spu/2018/sub1.jpg","https://cdn.example.com/spu/2018/sub2.jpg"]', 1299900, 1499900, 1045, 465, 1, 1, 0, 'system', 'system', '2026-06-01 08:25:42', '2026-06-01 08:25:42', 0),
(2019, 18, 3, 'Nike Dri-FIT 女子速干运动T恤', '<p>Dri-FIT 科技排汗速干，轻盈透气，宽松版型，运动健身必备</p>', 'https://cdn.example.com/spu/2019/main.jpg', '["https://cdn.example.com/spu/2019/main.jpg","https://cdn.example.com/spu/2019/sub1.jpg","https://cdn.example.com/spu/2019/sub2.jpg"]', 29900, 29900, 3569, 434, 1, 1, 0, 'system', 'system', '2026-06-01 08:25:42', '2026-06-01 08:25:42', 0),
(2020, 18, 3, 'Nike 男子套头卫衣', '<p>经典棉混纺面料，舒适保暖，简约Logo印花，日常休闲百搭</p>', 'https://cdn.example.com/spu/2020/main.jpg', '["https://cdn.example.com/spu/2020/main.jpg","https://cdn.example.com/spu/2020/sub1.jpg","https://cdn.example.com/spu/2020/sub2.jpg"]', 49900, 49900, 3087, 470, 1, 1, 0, 'system', 'system', '2026-06-01 08:25:42', '2026-06-01 08:25:42', 0),
(2021, 18, 3, 'Nike 女子瑜伽运动上衣', '<p>高弹力面料，速干透气，支撑性设计，适合瑜伽、普拉提等低强度运动</p>', 'https://cdn.example.com/spu/2021/main.jpg', '["https://cdn.example.com/spu/2021/main.jpg","https://cdn.example.com/spu/2021/sub1.jpg","https://cdn.example.com/spu/2021/sub2.jpg"]', 39900, 39900, 2285, 91, 1, 1, 0, 'system', 'system', '2026-06-01 08:25:42', '2026-06-01 08:25:42', 0),
(2022, 18, 3, 'Nike 男子连帽夹克', '<p>防泼水面料，连帽设计，多口袋储物，春秋季户外休闲风衣</p>', 'https://cdn.example.com/spu/2022/main.jpg', '["https://cdn.example.com/spu/2022/main.jpg","https://cdn.example.com/spu/2022/sub1.jpg","https://cdn.example.com/spu/2022/sub2.jpg"]', 89900, 89900, 2976, 338, 1, 1, 0, 'system', 'system', '2026-06-01 08:25:42', '2026-06-01 08:25:42', 0),
(2023, 18, 3, 'Nike 女子运动背心', '<p>轻盈透气面料，工字背设计，内置胸垫，适合跑步、健身等高强度运动</p>', 'https://cdn.example.com/spu/2023/main.jpg', '["https://cdn.example.com/spu/2023/main.jpg","https://cdn.example.com/spu/2023/sub1.jpg","https://cdn.example.com/spu/2023/sub2.jpg"]', 24900, 24900, 113, 276, 1, 1, 0, 'system', 'system', '2026-06-01 08:25:42', '2026-06-01 08:25:42', 0),
(2024, 18, 3, 'Nike 男子休闲Polo衫', '<p>珠地棉面料，经典翻领设计，Logo刺绣，商务休闲两穿</p>', 'https://cdn.example.com/spu/2024/main.jpg', '["https://cdn.example.com/spu/2024/main.jpg","https://cdn.example.com/spu/2024/sub1.jpg","https://cdn.example.com/spu/2024/sub2.jpg"]', 59900, 59900, 1671, 225, 1, 1, 0, 'system', 'system', '2026-06-01 08:25:42', '2026-06-01 08:25:42', 0),
(2025, 26, 4, '玻尿酸补水保湿面膜 20片装', '<p>三重玻尿酸精华，深层补水保湿，修护肌肤屏障，适合所有肤质</p>', 'https://cdn.example.com/spu/2025/main.jpg', '["https://cdn.example.com/spu/2025/main.jpg","https://cdn.example.com/spu/2025/sub1.jpg","https://cdn.example.com/spu/2025/sub2.jpg"]', 10900, 15900, 2424, 273, 1, 1, 0, 'system', 'system', '2026-06-01 08:25:42', '2026-06-01 08:25:42', 0),
(2026, 26, 4, '烟酰胺美白淡斑面膜 10片装', '<p>5%烟酰胺精华，淡化暗沉提亮肤色，改善痘印色斑</p>', 'https://cdn.example.com/spu/2026/main.jpg', '["https://cdn.example.com/spu/2026/main.jpg","https://cdn.example.com/spu/2026/sub1.jpg","https://cdn.example.com/spu/2026/sub2.jpg"]', 8400, 12900, 3830, 222, 1, 1, 0, 'system', 'system', '2026-06-01 08:25:42', '2026-06-01 08:25:42', 0),
(2027, 26, 4, '积雪草舒缓修护面膜 10片装', '<p>积雪草提取物，舒缓敏感泛红，修护肌肤屏障，敏感肌适用</p>', 'https://cdn.example.com/spu/2027/main.jpg', '["https://cdn.example.com/spu/2027/main.jpg","https://cdn.example.com/spu/2027/sub1.jpg","https://cdn.example.com/spu/2027/sub2.jpg"]', 10400, 16900, 3905, 35, 1, 1, 0, 'system', 'system', '2026-06-01 08:25:42', '2026-06-01 08:25:42', 0),
(2028, 26, 4, '水杨酸控油祛痘面膜 10片装', '<p>2%水杨酸精华，控油祛痘，清洁毛孔，改善闭口粉刺</p>', 'https://cdn.example.com/spu/2028/main.jpg', '["https://cdn.example.com/spu/2028/main.jpg","https://cdn.example.com/spu/2028/sub1.jpg","https://cdn.example.com/spu/2028/sub2.jpg"]', 9400, 13900, 2125, 440, 1, 1, 0, 'system', 'system', '2026-06-01 08:25:42', '2026-06-01 08:25:42', 0),
(2029, 26, 4, '胶原蛋白紧致弹润面膜 10片装', '<p>重组胶原蛋白精华，紧致提拉，淡化细纹，抗氧化抗衰老</p>', 'https://cdn.example.com/spu/2029/main.jpg', '["https://cdn.example.com/spu/2029/main.jpg","https://cdn.example.com/spu/2029/sub1.jpg","https://cdn.example.com/spu/2029/sub2.jpg"]', 16900, 23900, 1994, 206, 1, 1, 0, 'system', 'system', '2026-06-01 08:25:42', '2026-06-01 08:25:42', 0),
(2030, 26, 4, '维C提亮抗氧面膜 10片装', '<p>VC衍生物精华，抗氧提亮，改善暗沉，焕活肌肤光泽</p>', 'https://cdn.example.com/spu/2030/main.jpg', '["https://cdn.example.com/spu/2030/main.jpg","https://cdn.example.com/spu/2030/sub1.jpg","https://cdn.example.com/spu/2030/sub2.jpg"]', 12400, 19900, 3216, 254, 1, 1, 0, 'system', 'system', '2026-06-01 08:25:42', '2026-06-01 08:25:42', 0);
SELECT 'SPU数据导入完成' AS `status`;

-- ----------------------------
-- 2. SKU 数据（至少 4 个/SPU）
-- ----------------------------
INSERT INTO `mall_product_sku` (
    `id`, `spu_id`, `sku_code`, `sku_name`, `attrs_json`,
    `price`, `market_price`, `cost_price`, `image`, `weight`,
    `sales_count`, `is_deleted`,
    `create_time`, `update_time`
) VALUES
(200101, 2001, 'AP-2001-1', 'Apple iPhone 16 Pro Max 沙漠色钛金属 256GB', '[{"k":"颜色","v":"沙漠色钛金属"},{"k":"存储","v":"256GB"}]', 999900, 1099900, 649935, 'https://cdn.example.com/sku/200101.jpg', 227, 1568, 0, '2026-06-01 08:25:42', '2026-06-01 08:25:42'),
(200102, 2001, 'AP-2001-2', 'Apple iPhone 16 Pro Max 沙漠色钛金属 512GB', '[{"k":"颜色","v":"沙漠色钛金属"},{"k":"存储","v":"512GB"}]', 1149900, 1249900, 747435, 'https://cdn.example.com/sku/200102.jpg', 227, 1558, 0, '2026-06-01 08:25:42', '2026-06-01 08:25:42'),
(200103, 2001, 'AP-2001-3', 'Apple iPhone 16 Pro Max 沙漠色钛金属 1TB', '[{"k":"颜色","v":"沙漠色钛金属"},{"k":"存储","v":"1TB"}]', 1299900, 1399900, 844935, 'https://cdn.example.com/sku/200103.jpg', 227, 228, 0, '2026-06-01 08:25:42', '2026-06-01 08:25:42'),
(200104, 2001, 'AP-2001-4', 'Apple iPhone 16 Pro Max 原色钛金属 256GB', '[{"k":"颜色","v":"原色钛金属"},{"k":"存储","v":"256GB"}]', 999900, 1099900, 649935, 'https://cdn.example.com/sku/200104.jpg', 227, 241, 0, '2026-06-01 08:25:42', '2026-06-01 08:25:42'),
(200105, 2001, 'AP-2001-5', 'Apple iPhone 16 Pro Max 原色钛金属 512GB', '[{"k":"颜色","v":"原色钛金属"},{"k":"存储","v":"512GB"}]', 1149900, 1249900, 747435, 'https://cdn.example.com/sku/200105.jpg', 227, 104, 0, '2026-06-01 08:25:42', '2026-06-01 08:25:42'),
(200106, 2001, 'AP-2001-6', 'Apple iPhone 16 Pro Max 白色钛金属 256GB', '[{"k":"颜色","v":"白色钛金属"},{"k":"存储","v":"256GB"}]', 999900, 1099900, 649935, 'https://cdn.example.com/sku/200106.jpg', 227, 1486, 0, '2026-06-01 08:25:42', '2026-06-01 08:25:42'),
(200201, 2002, 'AP-2002-1', 'Apple iPhone 16 Pro 沙漠色钛金属 128GB', '[{"k":"颜色","v":"沙漠色钛金属"},{"k":"存储","v":"128GB"}]', 799900, 879900, 519935, 'https://cdn.example.com/sku/200201.jpg', 199, 1707, 0, '2026-06-01 08:25:42', '2026-06-01 08:25:42'),
(200202, 2002, 'AP-2002-2', 'Apple iPhone 16 Pro 沙漠色钛金属 256GB', '[{"k":"颜色","v":"沙漠色钛金属"},{"k":"存储","v":"256GB"}]', 899900, 979900, 584935, 'https://cdn.example.com/sku/200202.jpg', 199, 1479, 0, '2026-06-01 08:25:42', '2026-06-01 08:25:42'),
(200203, 2002, 'AP-2002-3', 'Apple iPhone 16 Pro 沙漠色钛金属 512GB', '[{"k":"颜色","v":"沙漠色钛金属"},{"k":"存储","v":"512GB"}]', 1049900, 1129900, 682435, 'https://cdn.example.com/sku/200203.jpg', 199, 490, 0, '2026-06-01 08:25:42', '2026-06-01 08:25:42'),
(200204, 2002, 'AP-2002-4', 'Apple iPhone 16 Pro 原色钛金属 128GB', '[{"k":"颜色","v":"原色钛金属"},{"k":"存储","v":"128GB"}]', 799900, 879900, 519935, 'https://cdn.example.com/sku/200204.jpg', 199, 828, 0, '2026-06-01 08:25:42', '2026-06-01 08:25:42'),
(200205, 2002, 'AP-2002-5', 'Apple iPhone 16 Pro 原色钛金属 256GB', '[{"k":"颜色","v":"原色钛金属"},{"k":"存储","v":"256GB"}]', 899900, 979900, 584935, 'https://cdn.example.com/sku/200205.jpg', 199, 591, 0, '2026-06-01 08:25:42', '2026-06-01 08:25:42'),
(200301, 2003, 'AP-2003-1', 'Apple iPhone 16 群青色 128GB', '[{"k":"颜色","v":"群青色"},{"k":"存储","v":"128GB"}]', 599900, 659900, 389935, 'https://cdn.example.com/sku/200301.jpg', 170, 1938, 0, '2026-06-01 08:25:42', '2026-06-01 08:25:42'),
(200302, 2003, 'AP-2003-2', 'Apple iPhone 16 群青色 256GB', '[{"k":"颜色","v":"群青色"},{"k":"存储","v":"256GB"}]', 699900, 759900, 454935, 'https://cdn.example.com/sku/200302.jpg', 170, 1748, 0, '2026-06-01 08:25:42', '2026-06-01 08:25:42'),
(200303, 2003, 'AP-2003-3', 'Apple iPhone 16 深青色 128GB', '[{"k":"颜色","v":"深青色"},{"k":"存储","v":"128GB"}]', 599900, 659900, 389935, 'https://cdn.example.com/sku/200303.jpg', 170, 443, 0, '2026-06-01 08:25:42', '2026-06-01 08:25:42'),
(200304, 2003, 'AP-2003-4', 'Apple iPhone 16 深青色 256GB', '[{"k":"颜色","v":"深青色"},{"k":"存储","v":"256GB"}]', 699900, 759900, 454935, 'https://cdn.example.com/sku/200304.jpg', 170, 1633, 0, '2026-06-01 08:25:42', '2026-06-01 08:25:42'),
(200305, 2003, 'AP-2003-5', 'Apple iPhone 16 粉色 128GB', '[{"k":"颜色","v":"粉色"},{"k":"存储","v":"128GB"}]', 599900, 659900, 389935, 'https://cdn.example.com/sku/200305.jpg', 170, 828, 0, '2026-06-01 08:25:42', '2026-06-01 08:25:42'),
(200401, 2004, 'HW-2004-1', '华为 Mate 70 Pro 曜石黑 256GB', '[{"k":"颜色","v":"曜石黑"},{"k":"存储","v":"256GB"}]', 699900, 769900, 419940, 'https://cdn.example.com/sku/200401.jpg', 210, 777, 0, '2026-06-01 08:25:42', '2026-06-01 08:25:42'),
(200402, 2004, 'HW-2004-2', '华为 Mate 70 Pro 曜石黑 512GB', '[{"k":"颜色","v":"曜石黑"},{"k":"存储","v":"512GB"}]', 799900, 869900, 479940, 'https://cdn.example.com/sku/200402.jpg', 210, 196, 0, '2026-06-01 08:25:42', '2026-06-01 08:25:42'),
(200403, 2004, 'HW-2004-3', '华为 Mate 70 Pro 雪域白 256GB', '[{"k":"颜色","v":"雪域白"},{"k":"存储","v":"256GB"}]', 699900, 769900, 419940, 'https://cdn.example.com/sku/200403.jpg', 210, 1543, 0, '2026-06-01 08:25:42', '2026-06-01 08:25:42'),
(200404, 2004, 'HW-2004-4', '华为 Mate 70 Pro 雪域白 1TB', '[{"k":"颜色","v":"雪域白"},{"k":"存储","v":"1TB"}]', 949900, 1019900, 569940, 'https://cdn.example.com/sku/200404.jpg', 210, 602, 0, '2026-06-01 08:25:42', '2026-06-01 08:25:42'),
(200405, 2004, 'HW-2004-5', '华为 Mate 70 Pro 罗兰紫 512GB', '[{"k":"颜色","v":"罗兰紫"},{"k":"存储","v":"512GB"}]', 799900, 869900, 479940, 'https://cdn.example.com/sku/200405.jpg', 210, 1452, 0, '2026-06-01 08:25:42', '2026-06-01 08:25:42'),
(200501, 2005, 'HW-2005-1', '华为 Pura 80 Pro 罗兰紫 256GB', '[{"k":"颜色","v":"罗兰紫"},{"k":"存储","v":"256GB"}]', 599900, 659900, 359940, 'https://cdn.example.com/sku/200501.jpg', 195, 598, 0, '2026-06-01 08:25:42', '2026-06-01 08:25:42'),
(200502, 2005, 'HW-2005-2', '华为 Pura 80 Pro 罗兰紫 512GB', '[{"k":"颜色","v":"罗兰紫"},{"k":"存储","v":"512GB"}]', 719900, 779900, 431940, 'https://cdn.example.com/sku/200502.jpg', 195, 485, 0, '2026-06-01 08:25:42', '2026-06-01 08:25:42'),
(200503, 2005, 'HW-2005-3', '华为 Pura 80 Pro 雪域白 256GB', '[{"k":"颜色","v":"雪域白"},{"k":"存储","v":"256GB"}]', 599900, 659900, 359940, 'https://cdn.example.com/sku/200503.jpg', 195, 989, 0, '2026-06-01 08:25:42', '2026-06-01 08:25:42'),
(200504, 2005, 'HW-2005-4', '华为 Pura 80 Pro 雪域白 1TB', '[{"k":"颜色","v":"雪域白"},{"k":"存储","v":"1TB"}]', 879900, 939900, 527940, 'https://cdn.example.com/sku/200504.jpg', 195, 1575, 0, '2026-06-01 08:25:42', '2026-06-01 08:25:42'),
(200505, 2005, 'HW-2005-5', '华为 Pura 80 Pro 深海蓝 512GB', '[{"k":"颜色","v":"深海蓝"},{"k":"存储","v":"512GB"}]', 719900, 779900, 431940, 'https://cdn.example.com/sku/200505.jpg', 195, 927, 0, '2026-06-01 08:25:42', '2026-06-01 08:25:42'),
(200601, 2006, 'HW-2006-1', '华为 Mate X6 曜石黑 256GB', '[{"k":"颜色","v":"曜石黑"},{"k":"存储","v":"256GB"}]', 1399900, 1549900, 769945, 'https://cdn.example.com/sku/200601.jpg', 243, 1060, 0, '2026-06-01 08:25:42', '2026-06-01 08:25:42'),
(200602, 2006, 'HW-2006-2', '华为 Mate X6 曜石黑 512GB', '[{"k":"颜色","v":"曜石黑"},{"k":"存储","v":"512GB"}]', 1499900, 1649900, 824945, 'https://cdn.example.com/sku/200602.jpg', 243, 363, 0, '2026-06-01 08:25:42', '2026-06-01 08:25:42'),
(200603, 2006, 'HW-2006-3', '华为 Mate X6 雪域白 512GB', '[{"k":"颜色","v":"雪域白"},{"k":"存储","v":"512GB"}]', 1499900, 1649900, 824945, 'https://cdn.example.com/sku/200603.jpg', 243, 1271, 0, '2026-06-01 08:25:42', '2026-06-01 08:25:42'),
(200604, 2006, 'HW-2006-4', '华为 Mate X6 寰宇红 1TB', '[{"k":"颜色","v":"寰宇红"},{"k":"存储","v":"1TB"}]', 1599900, 1749900, 879945, 'https://cdn.example.com/sku/200604.jpg', 243, 1008, 0, '2026-06-01 08:25:42', '2026-06-01 08:25:42'),
(200701, 2007, 'AP-2007-1', 'Apple iPhone 15 Pro Max 原色钛金属 256GB', '[{"k":"颜色","v":"原色钛金属"},{"k":"存储","v":"256GB"}]', 799900, 899900, 479940, 'https://cdn.example.com/sku/200701.jpg', 221, 1862, 0, '2026-06-01 08:25:42', '2026-06-01 08:25:42'),
(200702, 2007, 'AP-2007-2', 'Apple iPhone 15 Pro Max 原色钛金属 512GB', '[{"k":"颜色","v":"原色钛金属"},{"k":"存储","v":"512GB"}]', 949900, 1049900, 569940, 'https://cdn.example.com/sku/200702.jpg', 221, 746, 0, '2026-06-01 08:25:42', '2026-06-01 08:25:42'),
(200703, 2007, 'AP-2007-3', 'Apple iPhone 15 Pro Max 蓝色钛金属 256GB', '[{"k":"颜色","v":"蓝色钛金属"},{"k":"存储","v":"256GB"}]', 799900, 899900, 479940, 'https://cdn.example.com/sku/200703.jpg', 221, 979, 0, '2026-06-01 08:25:42', '2026-06-01 08:25:42'),
(200704, 2007, 'AP-2007-4', 'Apple iPhone 15 Pro Max 蓝色钛金属 512GB', '[{"k":"颜色","v":"蓝色钛金属"},{"k":"存储","v":"512GB"}]', 949900, 1049900, 569940, 'https://cdn.example.com/sku/200704.jpg', 221, 1075, 0, '2026-06-01 08:25:42', '2026-06-01 08:25:42'),
(200705, 2007, 'AP-2007-5', 'Apple iPhone 15 Pro Max 白色钛金属 256GB', '[{"k":"颜色","v":"白色钛金属"},{"k":"存储","v":"256GB"}]', 799900, 899900, 479940, 'https://cdn.example.com/sku/200705.jpg', 221, 1832, 0, '2026-06-01 08:25:42', '2026-06-01 08:25:42'),
(200801, 2008, 'AP-2008-1', 'Apple MacBook Pro 16 深空黑 M4 Max/36GB/512GB', '[{"k":"颜色","v":"深空黑"},{"k":"配置","v":"M4 Max/36GB/512GB"}]', 1999900, 2199900, 1199940, 'https://cdn.example.com/sku/200801.jpg', 2140, 815, 0, '2026-06-01 08:25:42', '2026-06-01 08:25:42'),
(200802, 2008, 'AP-2008-2', 'Apple MacBook Pro 16 深空黑 M4 Max/48GB/1TB', '[{"k":"颜色","v":"深空黑"},{"k":"配置","v":"M4 Max/48GB/1TB"}]', 2299900, 2499900, 1379940, 'https://cdn.example.com/sku/200802.jpg', 2140, 1931, 0, '2026-06-01 08:25:42', '2026-06-01 08:25:42'),
(200803, 2008, 'AP-2008-3', 'Apple MacBook Pro 16 银色 M4 Max/36GB/512GB', '[{"k":"颜色","v":"银色"},{"k":"配置","v":"M4 Max/36GB/512GB"}]', 1999900, 2199900, 1199940, 'https://cdn.example.com/sku/200803.jpg', 2140, 89, 0, '2026-06-01 08:25:42', '2026-06-01 08:25:42'),
(200804, 2008, 'AP-2008-4', 'Apple MacBook Pro 16 银色 M4 Max/48GB/1TB', '[{"k":"颜色","v":"银色"},{"k":"配置","v":"M4 Max/48GB/1TB"}]', 2299900, 2499900, 1379940, 'https://cdn.example.com/sku/200804.jpg', 2140, 168, 0, '2026-06-01 08:25:42', '2026-06-01 08:25:42'),
(200901, 2009, 'AP-2009-1', 'Apple MacBook Air 15 午夜黑 M4/18GB/256GB', '[{"k":"颜色","v":"午夜黑"},{"k":"配置","v":"M4/18GB/256GB"}]', 1099900, 1199900, 659940, 'https://cdn.example.com/sku/200901.jpg', 1510, 191, 0, '2026-06-01 08:25:42', '2026-06-01 08:25:42'),
(200902, 2009, 'AP-2009-2', 'Apple MacBook Air 15 午夜黑 M4/24GB/512GB', '[{"k":"颜色","v":"午夜黑"},{"k":"配置","v":"M4/24GB/512GB"}]', 1299900, 1399900, 779940, 'https://cdn.example.com/sku/200902.jpg', 1510, 1989, 0, '2026-06-01 08:25:42', '2026-06-01 08:25:42'),
(200903, 2009, 'AP-2009-3', 'Apple MacBook Air 15 星光色 M4/18GB/256GB', '[{"k":"颜色","v":"星光色"},{"k":"配置","v":"M4/18GB/256GB"}]', 1099900, 1199900, 659940, 'https://cdn.example.com/sku/200903.jpg', 1510, 1836, 0, '2026-06-01 08:25:42', '2026-06-01 08:25:42'),
(200904, 2009, 'AP-2009-4', 'Apple MacBook Air 15 星光色 M4/24GB/512GB', '[{"k":"颜色","v":"星光色"},{"k":"配置","v":"M4/24GB/512GB"}]', 1299900, 1399900, 779940, 'https://cdn.example.com/sku/200904.jpg', 1510, 1596, 0, '2026-06-01 08:25:42', '2026-06-01 08:25:42'),
(200905, 2009, 'AP-2009-5', 'Apple MacBook Air 15 银色 M4/18GB/256GB', '[{"k":"颜色","v":"银色"},{"k":"配置","v":"M4/18GB/256GB"}]', 1099900, 1199900, 659940, 'https://cdn.example.com/sku/200905.jpg', 1510, 867, 0, '2026-06-01 08:25:42', '2026-06-01 08:25:42'),
(201001, 2010, 'HW-2010-1', '华为 MateBook X Pro 皓月银 Ultra 9/32GB/1TB', '[{"k":"颜色","v":"皓月银"},{"k":"配置","v":"Ultra 9/32GB/1TB"}]', 1299900, 1429900, 714945, 'https://cdn.example.com/sku/201001.jpg', 1290, 297, 0, '2026-06-01 08:25:42', '2026-06-01 08:25:42'),
(201002, 2010, 'HW-2010-2', '华为 MateBook X Pro 皓月银 Ultra 9/32GB/2TB', '[{"k":"颜色","v":"皓月银"},{"k":"配置","v":"Ultra 9/32GB/2TB"}]', 1499900, 1629900, 824945, 'https://cdn.example.com/sku/201002.jpg', 1290, 93, 0, '2026-06-01 08:25:42', '2026-06-01 08:25:42'),
(201003, 2010, 'HW-2010-3', '华为 MateBook X Pro 深空灰 Ultra 9/32GB/1TB', '[{"k":"颜色","v":"深空灰"},{"k":"配置","v":"Ultra 9/32GB/1TB"}]', 1299900, 1429900, 714945, 'https://cdn.example.com/sku/201003.jpg', 1290, 501, 0, '2026-06-01 08:25:42', '2026-06-01 08:25:42'),
(201004, 2010, 'HW-2010-4', '华为 MateBook X Pro 深空灰 Ultra 9/32GB/2TB', '[{"k":"颜色","v":"深空灰"},{"k":"配置","v":"Ultra 9/32GB/2TB"}]', 1499900, 1629900, 824945, 'https://cdn.example.com/sku/201004.jpg', 1290, 170, 0, '2026-06-01 08:25:42', '2026-06-01 08:25:42'),
(201101, 2011, 'HW-2011-1', '华为 MateBook 14 皓月银 Ultra 5/16GB/512GB', '[{"k":"颜色","v":"皓月银"},{"k":"配置","v":"Ultra 5/16GB/512GB"}]', 699900, 769900, 384945, 'https://cdn.example.com/sku/201101.jpg', 1380, 537, 0, '2026-06-01 08:25:42', '2026-06-01 08:25:42'),
(201102, 2011, 'HW-2011-2', '华为 MateBook 14 皓月银 Ultra 5/16GB/1TB', '[{"k":"颜色","v":"皓月银"},{"k":"配置","v":"Ultra 5/16GB/1TB"}]', 799900, 869900, 439945, 'https://cdn.example.com/sku/201102.jpg', 1380, 1154, 0, '2026-06-01 08:25:42', '2026-06-01 08:25:42'),
(201103, 2011, 'HW-2011-3', '华为 MateBook 14 深空灰 Ultra 5/16GB/512GB', '[{"k":"颜色","v":"深空灰"},{"k":"配置","v":"Ultra 5/16GB/512GB"}]', 699900, 769900, 384945, 'https://cdn.example.com/sku/201103.jpg', 1380, 1703, 0, '2026-06-01 08:25:42', '2026-06-01 08:25:42'),
(201104, 2011, 'HW-2011-4', '华为 MateBook 14 深空灰 Ultra 5/16GB/1TB', '[{"k":"颜色","v":"深空灰"},{"k":"配置","v":"Ultra 5/16GB/1TB"}]', 799900, 869900, 439945, 'https://cdn.example.com/sku/201104.jpg', 1380, 1399, 0, '2026-06-01 08:25:42', '2026-06-01 08:25:42'),
(201105, 2011, 'HW-2011-5', '华为 MateBook 14 樱语粉 Ultra 5/16GB/512GB', '[{"k":"颜色","v":"樱语粉"},{"k":"配置","v":"Ultra 5/16GB/512GB"}]', 699900, 769900, 384945, 'https://cdn.example.com/sku/201105.jpg', 1380, 1006, 0, '2026-06-01 08:25:42', '2026-06-01 08:25:42'),
(201201, 2012, 'AP-2012-1', 'Apple MacBook Pro 14 深空黑 M4 Pro/24GB/512GB', '[{"k":"颜色","v":"深空黑"},{"k":"配置","v":"M4 Pro/24GB/512GB"}]', 1499900, 1649900, 899940, 'https://cdn.example.com/sku/201201.jpg', 1610, 874, 0, '2026-06-01 08:25:42', '2026-06-01 08:25:42'),
(201202, 2012, 'AP-2012-2', 'Apple MacBook Pro 14 深空黑 M4 Pro/24GB/1TB', '[{"k":"颜色","v":"深空黑"},{"k":"配置","v":"M4 Pro/24GB/1TB"}]', 1699900, 1849900, 1019940, 'https://cdn.example.com/sku/201202.jpg', 1610, 442, 0, '2026-06-01 08:25:42', '2026-06-01 08:25:42'),
(201203, 2012, 'AP-2012-3', 'Apple MacBook Pro 14 银色 M4 Pro/24GB/512GB', '[{"k":"颜色","v":"银色"},{"k":"配置","v":"M4 Pro/24GB/512GB"}]', 1499900, 1649900, 899940, 'https://cdn.example.com/sku/201203.jpg', 1610, 914, 0, '2026-06-01 08:25:42', '2026-06-01 08:25:42'),
(201204, 2012, 'AP-2012-4', 'Apple MacBook Pro 14 银色 M4 Pro/24GB/1TB', '[{"k":"颜色","v":"银色"},{"k":"配置","v":"M4 Pro/24GB/1TB"}]', 1699900, 1849900, 1019940, 'https://cdn.example.com/sku/201204.jpg', 1610, 1840, 0, '2026-06-01 08:25:42', '2026-06-01 08:25:42'),
(201301, 2013, 'HW-2013-1', '华为 MateBook 16s 深空灰 Ultra 7/32GB/1TB', '[{"k":"颜色","v":"深空灰"},{"k":"配置","v":"Ultra 7/32GB/1TB"}]', 899900, 989900, 494945, 'https://cdn.example.com/sku/201301.jpg', 1990, 1157, 0, '2026-06-01 08:25:42', '2026-06-01 08:25:42'),
(201302, 2013, 'HW-2013-2', '华为 MateBook 16s 深空灰 Ultra 7/32GB/2TB', '[{"k":"颜色","v":"深空灰"},{"k":"配置","v":"Ultra 7/32GB/2TB"}]', 1049900, 1139900, 577445, 'https://cdn.example.com/sku/201302.jpg', 1990, 390, 0, '2026-06-01 08:25:42', '2026-06-01 08:25:42'),
(201303, 2013, 'HW-2013-3', '华为 MateBook 16s 皓月银 Ultra 7/32GB/1TB', '[{"k":"颜色","v":"皓月银"},{"k":"配置","v":"Ultra 7/32GB/1TB"}]', 899900, 989900, 494945, 'https://cdn.example.com/sku/201303.jpg', 1990, 1820, 0, '2026-06-01 08:25:42', '2026-06-01 08:25:42'),
(201304, 2013, 'HW-2013-4', '华为 MateBook 16s 皓月银 Ultra 7/32GB/2TB', '[{"k":"颜色","v":"皓月银"},{"k":"配置","v":"Ultra 7/32GB/2TB"}]', 1049900, 1139900, 577445, 'https://cdn.example.com/sku/201304.jpg', 1990, 54, 0, '2026-06-01 08:25:42', '2026-06-01 08:25:42'),
(201401, 2014, 'HW-2014-1', '华为 1.5匹 新一级变频冷暖空调 白色 标准版', '[{"k":"颜色","v":"白色"},{"k":"功能","v":"标准版"}]', 299900, 329900, 164945, 'https://cdn.example.com/sku/201401.jpg', 10000, 1476, 0, '2026-06-01 08:25:42', '2026-06-01 08:25:42'),
(201402, 2014, 'HW-2014-2', '华为 1.5匹 新一级变频冷暖空调 白色 Pro版(除甲醛)', '[{"k":"颜色","v":"白色"},{"k":"功能","v":"Pro版(除甲醛)"}]', 329900, 359900, 181445, 'https://cdn.example.com/sku/201402.jpg', 10000, 367, 0, '2026-06-01 08:25:42', '2026-06-01 08:25:42'),
(201403, 2014, 'HW-2014-3', '华为 1.5匹 新一级变频冷暖空调 白色 旗舰版(新风)', '[{"k":"颜色","v":"白色"},{"k":"功能","v":"旗舰版(新风)"}]', 349900, 379900, 192445, 'https://cdn.example.com/sku/201403.jpg', 10000, 1236, 0, '2026-06-01 08:25:42', '2026-06-01 08:25:42'),
(201404, 2014, 'HW-2014-4', '华为 1.5匹 新一级变频冷暖空调 米色 标准版', '[{"k":"颜色","v":"米色"},{"k":"功能","v":"标准版"}]', 299900, 329900, 164945, 'https://cdn.example.com/sku/201404.jpg', 10000, 167, 0, '2026-06-01 08:25:42', '2026-06-01 08:25:42'),
(201501, 2015, 'HW-2015-1', '华为 3匹 新一级变频冷暖立式空调 白色 标准版', '[{"k":"颜色","v":"白色"},{"k":"功能","v":"标准版"}]', 599900, 659900, 329945, 'https://cdn.example.com/sku/201501.jpg', 28000, 166, 0, '2026-06-01 08:25:42', '2026-06-01 08:25:42'),
(201502, 2015, 'HW-2015-2', '华为 3匹 新一级变频冷暖立式空调 白色 Pro版(除甲醛)', '[{"k":"颜色","v":"白色"},{"k":"功能","v":"Pro版(除甲醛)"}]', 639900, 699900, 351945, 'https://cdn.example.com/sku/201502.jpg', 28000, 1268, 0, '2026-06-01 08:25:42', '2026-06-01 08:25:42'),
(201503, 2015, 'HW-2015-3', '华为 3匹 新一级变频冷暖立式空调 白色 旗舰版(新风)', '[{"k":"颜色","v":"白色"},{"k":"功能","v":"旗舰版(新风)"}]', 669900, 729900, 368445, 'https://cdn.example.com/sku/201503.jpg', 28000, 295, 0, '2026-06-01 08:25:42', '2026-06-01 08:25:42'),
(201504, 2015, 'HW-2015-4', '华为 3匹 新一级变频冷暖立式空调 灰色 标准版', '[{"k":"颜色","v":"灰色"},{"k":"功能","v":"标准版"}]', 599900, 659900, 329945, 'https://cdn.example.com/sku/201504.jpg', 28000, 131, 0, '2026-06-01 08:25:42', '2026-06-01 08:25:42'),
(201505, 2015, 'HW-2015-5', '华为 3匹 新一级变频冷暖立式空调 灰色 旗舰版(新风)', '[{"k":"颜色","v":"灰色"},{"k":"功能","v":"旗舰版(新风)"}]', 669900, 729900, 368445, 'https://cdn.example.com/sku/201505.jpg', 28000, 1207, 0, '2026-06-01 08:25:42', '2026-06-01 08:25:42'),
(201601, 2016, 'HW-2016-1', '华为 大1匹 变频冷暖空调 白色 标准版', '[{"k":"颜色","v":"白色"},{"k":"功能","v":"标准版"}]', 259900, 285900, 142945, 'https://cdn.example.com/sku/201601.jpg', 9000, 593, 0, '2026-06-01 08:25:42', '2026-06-01 08:25:42'),
(201602, 2016, 'HW-2016-2', '华为 大1匹 变频冷暖空调 白色 静音版', '[{"k":"颜色","v":"白色"},{"k":"功能","v":"静音版"}]', 274900, 300900, 151195, 'https://cdn.example.com/sku/201602.jpg', 9000, 664, 0, '2026-06-01 08:25:42', '2026-06-01 08:25:42'),
(201603, 2016, 'HW-2016-3', '华为 大1匹 变频冷暖空调 白色 除湿版', '[{"k":"颜色","v":"白色"},{"k":"功能","v":"除湿版"}]', 269900, 295900, 148445, 'https://cdn.example.com/sku/201603.jpg', 9000, 69, 0, '2026-06-01 08:25:42', '2026-06-01 08:25:42'),
(201604, 2016, 'HW-2016-4', '华为 大1匹 变频冷暖空调 米色 标准版', '[{"k":"颜色","v":"米色"},{"k":"功能","v":"标准版"}]', 259900, 285900, 142945, 'https://cdn.example.com/sku/201604.jpg', 9000, 200, 0, '2026-06-01 08:25:42', '2026-06-01 08:25:42'),
(201701, 2017, 'HW-2017-1', '华为 2匹 变频冷暖挂式空调 白色 标准版', '[{"k":"颜色","v":"白色"},{"k":"功能","v":"标准版"}]', 449900, 494900, 247445, 'https://cdn.example.com/sku/201701.jpg', 15000, 764, 0, '2026-06-01 08:25:42', '2026-06-01 08:25:42'),
(201702, 2017, 'HW-2017-2', '华为 2匹 变频冷暖挂式空调 白色 Pro版(除甲醛)', '[{"k":"颜色","v":"白色"},{"k":"功能","v":"Pro版(除甲醛)"}]', 484900, 529900, 266695, 'https://cdn.example.com/sku/201702.jpg', 15000, 373, 0, '2026-06-01 08:25:42', '2026-06-01 08:25:42'),
(201703, 2017, 'HW-2017-3', '华为 2匹 变频冷暖挂式空调 白色 旗舰版(新风)', '[{"k":"颜色","v":"白色"},{"k":"功能","v":"旗舰版(新风)"}]', 504900, 549900, 277695, 'https://cdn.example.com/sku/201703.jpg', 15000, 1302, 0, '2026-06-01 08:25:42', '2026-06-01 08:25:42'),
(201704, 2017, 'HW-2017-4', '华为 2匹 变频冷暖挂式空调 灰色 标准版', '[{"k":"颜色","v":"灰色"},{"k":"功能","v":"标准版"}]', 449900, 494900, 247445, 'https://cdn.example.com/sku/201704.jpg', 15000, 663, 0, '2026-06-01 08:25:42', '2026-06-01 08:25:42'),
(201801, 2018, 'HW-2018-1', '华为 中央空调 一拖四 多联机 白色 标准版(4匹)', '[{"k":"颜色","v":"白色"},{"k":"功能","v":"标准版(4匹)"}]', 1299900, 1429900, 649950, 'https://cdn.example.com/sku/201801.jpg', 52000, 269, 0, '2026-06-01 08:25:42', '2026-06-01 08:25:42'),
(201802, 2018, 'HW-2018-2', '华为 中央空调 一拖四 多联机 白色 Pro版(5匹)', '[{"k":"颜色","v":"白色"},{"k":"功能","v":"Pro版(5匹)"}]', 1399900, 1529900, 699950, 'https://cdn.example.com/sku/201802.jpg', 52000, 1288, 0, '2026-06-01 08:25:42', '2026-06-01 08:25:42'),
(201803, 2018, 'HW-2018-3', '华为 中央空调 一拖四 多联机 白色 旗舰版(6匹+3D)', '[{"k":"颜色","v":"白色"},{"k":"功能","v":"旗舰版(6匹+3D)"}]', 1499900, 1629900, 749950, 'https://cdn.example.com/sku/201803.jpg', 52000, 1457, 0, '2026-06-01 08:25:42', '2026-06-01 08:25:42'),
(201804, 2018, 'HW-2018-4', '华为 中央空调 一拖四 多联机 灰色 标准版(4匹)', '[{"k":"颜色","v":"灰色"},{"k":"功能","v":"标准版(4匹)"}]', 1299900, 1429900, 649950, 'https://cdn.example.com/sku/201804.jpg', 52000, 1050, 0, '2026-06-01 08:25:42', '2026-06-01 08:25:42'),
(201901, 2019, 'NK-2019-1', 'Nike Dri-FIT 女子速干运动T恤 黑色 S', '[{"k":"颜色","v":"黑色"},{"k":"尺码","v":"S"}]', 29900, 32900, 11960, 'https://cdn.example.com/sku/201901.jpg', 150, 616, 0, '2026-06-01 08:25:42', '2026-06-01 08:25:42'),
(201902, 2019, 'NK-2019-2', 'Nike Dri-FIT 女子速干运动T恤 黑色 M', '[{"k":"颜色","v":"黑色"},{"k":"尺码","v":"M"}]', 29900, 32900, 11960, 'https://cdn.example.com/sku/201902.jpg', 150, 1354, 0, '2026-06-01 08:25:42', '2026-06-01 08:25:42'),
(201903, 2019, 'NK-2019-3', 'Nike Dri-FIT 女子速干运动T恤 黑色 L', '[{"k":"颜色","v":"黑色"},{"k":"尺码","v":"L"}]', 29900, 32900, 11960, 'https://cdn.example.com/sku/201903.jpg', 150, 1179, 0, '2026-06-01 08:25:42', '2026-06-01 08:25:42'),
(201904, 2019, 'NK-2019-4', 'Nike Dri-FIT 女子速干运动T恤 黑色 XL', '[{"k":"颜色","v":"黑色"},{"k":"尺码","v":"XL"}]', 29900, 32900, 11960, 'https://cdn.example.com/sku/201904.jpg', 150, 279, 0, '2026-06-01 08:25:42', '2026-06-01 08:25:42'),
(201905, 2019, 'NK-2019-5', 'Nike Dri-FIT 女子速干运动T恤 白色 M', '[{"k":"颜色","v":"白色"},{"k":"尺码","v":"M"}]', 29900, 32900, 11960, 'https://cdn.example.com/sku/201905.jpg', 150, 123, 0, '2026-06-01 08:25:42', '2026-06-01 08:25:42'),
(201906, 2019, 'NK-2019-6', 'Nike Dri-FIT 女子速干运动T恤 白色 L', '[{"k":"颜色","v":"白色"},{"k":"尺码","v":"L"}]', 29900, 32900, 11960, 'https://cdn.example.com/sku/201906.jpg', 150, 353, 0, '2026-06-01 08:25:42', '2026-06-01 08:25:42'),
(202001, 2020, 'NK-2020-1', 'Nike 男子套头卫衣 灰色 M', '[{"k":"颜色","v":"灰色"},{"k":"尺码","v":"M"}]', 49900, 54900, 19960, 'https://cdn.example.com/sku/202001.jpg', 350, 1960, 0, '2026-06-01 08:25:42', '2026-06-01 08:25:42'),
(202002, 2020, 'NK-2020-2', 'Nike 男子套头卫衣 灰色 L', '[{"k":"颜色","v":"灰色"},{"k":"尺码","v":"L"}]', 49900, 54900, 19960, 'https://cdn.example.com/sku/202002.jpg', 350, 1446, 0, '2026-06-01 08:25:42', '2026-06-01 08:25:42'),
(202003, 2020, 'NK-2020-3', 'Nike 男子套头卫衣 灰色 XL', '[{"k":"颜色","v":"灰色"},{"k":"尺码","v":"XL"}]', 49900, 54900, 19960, 'https://cdn.example.com/sku/202003.jpg', 350, 1647, 0, '2026-06-01 08:25:42', '2026-06-01 08:25:42'),
(202004, 2020, 'NK-2020-4', 'Nike 男子套头卫衣 黑色 M', '[{"k":"颜色","v":"黑色"},{"k":"尺码","v":"M"}]', 49900, 54900, 19960, 'https://cdn.example.com/sku/202004.jpg', 350, 1945, 0, '2026-06-01 08:25:42', '2026-06-01 08:25:42'),
(202005, 2020, 'NK-2020-5', 'Nike 男子套头卫衣 黑色 L', '[{"k":"颜色","v":"黑色"},{"k":"尺码","v":"L"}]', 49900, 54900, 19960, 'https://cdn.example.com/sku/202005.jpg', 350, 100, 0, '2026-06-01 08:25:42', '2026-06-01 08:25:42'),
(202006, 2020, 'NK-2020-6', 'Nike 男子套头卫衣 黑色 XL', '[{"k":"颜色","v":"黑色"},{"k":"尺码","v":"XL"}]', 49900, 54900, 19960, 'https://cdn.example.com/sku/202006.jpg', 350, 1692, 0, '2026-06-01 08:25:42', '2026-06-01 08:25:42'),
(202101, 2021, 'NK-2021-1', 'Nike 女子瑜伽运动上衣 紫色 S', '[{"k":"颜色","v":"紫色"},{"k":"尺码","v":"S"}]', 39900, 43900, 13965, 'https://cdn.example.com/sku/202101.jpg', 120, 1662, 0, '2026-06-01 08:25:42', '2026-06-01 08:25:42'),
(202102, 2021, 'NK-2021-2', 'Nike 女子瑜伽运动上衣 紫色 M', '[{"k":"颜色","v":"紫色"},{"k":"尺码","v":"M"}]', 39900, 43900, 13965, 'https://cdn.example.com/sku/202102.jpg', 120, 1808, 0, '2026-06-01 08:25:42', '2026-06-01 08:25:42'),
(202103, 2021, 'NK-2021-3', 'Nike 女子瑜伽运动上衣 紫色 L', '[{"k":"颜色","v":"紫色"},{"k":"尺码","v":"L"}]', 39900, 43900, 13965, 'https://cdn.example.com/sku/202103.jpg', 120, 766, 0, '2026-06-01 08:25:42', '2026-06-01 08:25:42'),
(202104, 2021, 'NK-2021-4', 'Nike 女子瑜伽运动上衣 粉色 S', '[{"k":"颜色","v":"粉色"},{"k":"尺码","v":"S"}]', 39900, 43900, 13965, 'https://cdn.example.com/sku/202104.jpg', 120, 506, 0, '2026-06-01 08:25:42', '2026-06-01 08:25:42'),
(202105, 2021, 'NK-2021-5', 'Nike 女子瑜伽运动上衣 粉色 M', '[{"k":"颜色","v":"粉色"},{"k":"尺码","v":"M"}]', 39900, 43900, 13965, 'https://cdn.example.com/sku/202105.jpg', 120, 620, 0, '2026-06-01 08:25:42', '2026-06-01 08:25:42'),
(202201, 2022, 'NK-2022-1', 'Nike 男子连帽夹克 黑色 M', '[{"k":"颜色","v":"黑色"},{"k":"尺码","v":"M"}]', 89900, 98900, 35960, 'https://cdn.example.com/sku/202201.jpg', 450, 1093, 0, '2026-06-01 08:25:42', '2026-06-01 08:25:42'),
(202202, 2022, 'NK-2022-2', 'Nike 男子连帽夹克 黑色 L', '[{"k":"颜色","v":"黑色"},{"k":"尺码","v":"L"}]', 89900, 98900, 35960, 'https://cdn.example.com/sku/202202.jpg', 450, 286, 0, '2026-06-01 08:25:42', '2026-06-01 08:25:42'),
(202203, 2022, 'NK-2022-3', 'Nike 男子连帽夹克 黑色 XL', '[{"k":"颜色","v":"黑色"},{"k":"尺码","v":"XL"}]', 89900, 98900, 35960, 'https://cdn.example.com/sku/202203.jpg', 450, 593, 0, '2026-06-01 08:25:42', '2026-06-01 08:25:42'),
(202204, 2022, 'NK-2022-4', 'Nike 男子连帽夹克 黑色 XXL', '[{"k":"颜色","v":"黑色"},{"k":"尺码","v":"XXL"}]', 89900, 98900, 35960, 'https://cdn.example.com/sku/202204.jpg', 450, 757, 0, '2026-06-01 08:25:42', '2026-06-01 08:25:42'),
(202205, 2022, 'NK-2022-5', 'Nike 男子连帽夹克 深蓝色 L', '[{"k":"颜色","v":"深蓝色"},{"k":"尺码","v":"L"}]', 89900, 98900, 35960, 'https://cdn.example.com/sku/202205.jpg', 450, 1291, 0, '2026-06-01 08:25:42', '2026-06-01 08:25:42'),
(202206, 2022, 'NK-2022-6', 'Nike 男子连帽夹克 深蓝色 XL', '[{"k":"颜色","v":"深蓝色"},{"k":"尺码","v":"XL"}]', 89900, 98900, 35960, 'https://cdn.example.com/sku/202206.jpg', 450, 439, 0, '2026-06-01 08:25:42', '2026-06-01 08:25:42'),
(202301, 2023, 'NK-2023-1', 'Nike 女子运动背心 黑色 S', '[{"k":"颜色","v":"黑色"},{"k":"尺码","v":"S"}]', 24900, 27400, 8715, 'https://cdn.example.com/sku/202301.jpg', 80, 1945, 0, '2026-06-01 08:25:42', '2026-06-01 08:25:42'),
(202302, 2023, 'NK-2023-2', 'Nike 女子运动背心 黑色 M', '[{"k":"颜色","v":"黑色"},{"k":"尺码","v":"M"}]', 24900, 27400, 8715, 'https://cdn.example.com/sku/202302.jpg', 80, 795, 0, '2026-06-01 08:25:42', '2026-06-01 08:25:42'),
(202303, 2023, 'NK-2023-3', 'Nike 女子运动背心 黑色 L', '[{"k":"颜色","v":"黑色"},{"k":"尺码","v":"L"}]', 24900, 27400, 8715, 'https://cdn.example.com/sku/202303.jpg', 80, 1326, 0, '2026-06-01 08:25:42', '2026-06-01 08:25:42'),
(202304, 2023, 'NK-2023-4', 'Nike 女子运动背心 白色 S', '[{"k":"颜色","v":"白色"},{"k":"尺码","v":"S"}]', 24900, 27400, 8715, 'https://cdn.example.com/sku/202304.jpg', 80, 1088, 0, '2026-06-01 08:25:42', '2026-06-01 08:25:42'),
(202305, 2023, 'NK-2023-5', 'Nike 女子运动背心 白色 M', '[{"k":"颜色","v":"白色"},{"k":"尺码","v":"M"}]', 24900, 27400, 8715, 'https://cdn.example.com/sku/202305.jpg', 80, 874, 0, '2026-06-01 08:25:42', '2026-06-01 08:25:42'),
(202401, 2024, 'NK-2024-1', 'Nike 男子休闲Polo衫 白色 M', '[{"k":"颜色","v":"白色"},{"k":"尺码","v":"M"}]', 59900, 65900, 23960, 'https://cdn.example.com/sku/202401.jpg', 200, 1411, 0, '2026-06-01 08:25:42', '2026-06-01 08:25:42'),
(202402, 2024, 'NK-2024-2', 'Nike 男子休闲Polo衫 白色 L', '[{"k":"颜色","v":"白色"},{"k":"尺码","v":"L"}]', 59900, 65900, 23960, 'https://cdn.example.com/sku/202402.jpg', 200, 666, 0, '2026-06-01 08:25:42', '2026-06-01 08:25:42'),
(202403, 2024, 'NK-2024-3', 'Nike 男子休闲Polo衫 白色 XL', '[{"k":"颜色","v":"白色"},{"k":"尺码","v":"XL"}]', 59900, 65900, 23960, 'https://cdn.example.com/sku/202403.jpg', 200, 637, 0, '2026-06-01 08:25:42', '2026-06-01 08:25:42'),
(202404, 2024, 'NK-2024-4', 'Nike 男子休闲Polo衫 黑色 M', '[{"k":"颜色","v":"黑色"},{"k":"尺码","v":"M"}]', 59900, 65900, 23960, 'https://cdn.example.com/sku/202404.jpg', 200, 1292, 0, '2026-06-01 08:25:42', '2026-06-01 08:25:42'),
(202405, 2024, 'NK-2024-5', 'Nike 男子休闲Polo衫 黑色 L', '[{"k":"颜色","v":"黑色"},{"k":"尺码","v":"L"}]', 59900, 65900, 23960, 'https://cdn.example.com/sku/202405.jpg', 200, 955, 0, '2026-06-01 08:25:42', '2026-06-01 08:25:42'),
(202406, 2024, 'NK-2024-6', 'Nike 男子休闲Polo衫 黑色 XL', '[{"k":"颜色","v":"黑色"},{"k":"尺码","v":"XL"}]', 59900, 65900, 23960, 'https://cdn.example.com/sku/202406.jpg', 200, 1675, 0, '2026-06-01 08:25:42', '2026-06-01 08:25:42'),
(202501, 2025, 'GN-2025-1', ' 玻尿酸补水保湿面膜20片装 20片 盒装', '[{"k":"规格","v":"20片"},{"k":"包装","v":"盒装"}]', 12900, 14200, 3870, 'https://cdn.example.com/sku/202501.jpg', 280, 1409, 0, '2026-06-01 08:25:42', '2026-06-01 08:25:42'),
(202502, 2025, 'GN-2025-2', ' 玻尿酸补水保湿面膜20片装 20片 礼盒装(含赠品)', '[{"k":"规格","v":"20片"},{"k":"包装","v":"礼盒装(含赠品)"}]', 15900, 17200, 4770, 'https://cdn.example.com/sku/202502.jpg', 280, 1726, 0, '2026-06-01 08:25:42', '2026-06-01 08:25:42'),
(202503, 2025, 'GN-2025-3', ' 玻尿酸补水保湿面膜20片装 10片 盒装', '[{"k":"规格","v":"10片"},{"k":"包装","v":"盒装"}]', 12900, 14200, 3870, 'https://cdn.example.com/sku/202503.jpg', 280, 510, 0, '2026-06-01 08:25:42', '2026-06-01 08:25:42'),
(202504, 2025, 'GN-2025-4', ' 玻尿酸补水保湿面膜20片装 10片 试用装', '[{"k":"规格","v":"10片"},{"k":"包装","v":"试用装"}]', 10900, 12200, 3270, 'https://cdn.example.com/sku/202504.jpg', 280, 144, 0, '2026-06-01 08:25:42', '2026-06-01 08:25:42'),
(202601, 2026, 'GN-2026-1', ' 烟酰胺美白淡斑面膜10片装 10片 盒装', '[{"k":"规格","v":"10片"},{"k":"包装","v":"盒装"}]', 9900, 10900, 2970, 'https://cdn.example.com/sku/202601.jpg', 150, 1864, 0, '2026-06-01 08:25:42', '2026-06-01 08:25:42'),
(202602, 2026, 'GN-2026-2', ' 烟酰胺美白淡斑面膜10片装 10片 礼盒装(含赠品)', '[{"k":"规格","v":"10片"},{"k":"包装","v":"礼盒装(含赠品)"}]', 12900, 13900, 3870, 'https://cdn.example.com/sku/202602.jpg', 150, 1062, 0, '2026-06-01 08:25:42', '2026-06-01 08:25:42'),
(202603, 2026, 'GN-2026-3', ' 烟酰胺美白淡斑面膜10片装 5片 盒装', '[{"k":"规格","v":"5片"},{"k":"包装","v":"盒装"}]', 9900, 10900, 2970, 'https://cdn.example.com/sku/202603.jpg', 150, 1458, 0, '2026-06-01 08:25:42', '2026-06-01 08:25:42'),
(202604, 2026, 'GN-2026-4', ' 烟酰胺美白淡斑面膜10片装 5片 试用装', '[{"k":"规格","v":"5片"},{"k":"包装","v":"试用装"}]', 8400, 9400, 2520, 'https://cdn.example.com/sku/202604.jpg', 150, 1644, 0, '2026-06-01 08:25:42', '2026-06-01 08:25:42'),
(202701, 2027, 'GN-2027-1', ' 积雪草舒缓修护面膜10片装 10片 盒装', '[{"k":"规格","v":"10片"},{"k":"包装","v":"盒装"}]', 11900, 13100, 3570, 'https://cdn.example.com/sku/202701.jpg', 160, 1191, 0, '2026-06-01 08:25:42', '2026-06-01 08:25:42'),
(202702, 2027, 'GN-2027-2', ' 积雪草舒缓修护面膜10片装 10片 礼盒装(含赠品)', '[{"k":"规格","v":"10片"},{"k":"包装","v":"礼盒装(含赠品)"}]', 14900, 16100, 4470, 'https://cdn.example.com/sku/202702.jpg', 160, 1691, 0, '2026-06-01 08:25:42', '2026-06-01 08:25:42'),
(202703, 2027, 'GN-2027-3', ' 积雪草舒缓修护面膜10片装 5片 盒装', '[{"k":"规格","v":"5片"},{"k":"包装","v":"盒装"}]', 11900, 13100, 3570, 'https://cdn.example.com/sku/202703.jpg', 160, 1269, 0, '2026-06-01 08:25:42', '2026-06-01 08:25:42'),
(202704, 2027, 'GN-2027-4', ' 积雪草舒缓修护面膜10片装 5片 试用装', '[{"k":"规格","v":"5片"},{"k":"包装","v":"试用装"}]', 10400, 11600, 3120, 'https://cdn.example.com/sku/202704.jpg', 160, 1304, 0, '2026-06-01 08:25:42', '2026-06-01 08:25:42'),
(202705, 2027, 'GN-2027-5', ' 积雪草舒缓修护面膜10片装 20片 盒装', '[{"k":"规格","v":"20片"},{"k":"包装","v":"盒装"}]', 16900, 18100, 5070, 'https://cdn.example.com/sku/202705.jpg', 160, 963, 0, '2026-06-01 08:25:42', '2026-06-01 08:25:42'),
(202801, 2028, 'GN-2028-1', ' 水杨酸控油祛痘面膜10片装 10片 盒装', '[{"k":"规格","v":"10片"},{"k":"包装","v":"盒装"}]', 10900, 12000, 3270, 'https://cdn.example.com/sku/202801.jpg', 155, 1355, 0, '2026-06-01 08:25:42', '2026-06-01 08:25:42'),
(202802, 2028, 'GN-2028-2', ' 水杨酸控油祛痘面膜10片装 10片 礼盒装(含赠品)', '[{"k":"规格","v":"10片"},{"k":"包装","v":"礼盒装(含赠品)"}]', 13900, 15000, 4170, 'https://cdn.example.com/sku/202802.jpg', 155, 1042, 0, '2026-06-01 08:25:42', '2026-06-01 08:25:42'),
(202803, 2028, 'GN-2028-3', ' 水杨酸控油祛痘面膜10片装 5片 盒装', '[{"k":"规格","v":"5片"},{"k":"包装","v":"盒装"}]', 10900, 12000, 3270, 'https://cdn.example.com/sku/202803.jpg', 155, 208, 0, '2026-06-01 08:25:42', '2026-06-01 08:25:42'),
(202804, 2028, 'GN-2028-4', ' 水杨酸控油祛痘面膜10片装 5片 试用装', '[{"k":"规格","v":"5片"},{"k":"包装","v":"试用装"}]', 9400, 10500, 2820, 'https://cdn.example.com/sku/202804.jpg', 155, 737, 0, '2026-06-01 08:25:42', '2026-06-01 08:25:42'),
(202901, 2029, 'GN-2029-1', ' 胶原蛋白紧致弹润面膜10片装 10片 盒装', '[{"k":"规格","v":"10片"},{"k":"包装","v":"盒装"}]', 16900, 18600, 5070, 'https://cdn.example.com/sku/202901.jpg', 180, 1471, 0, '2026-06-01 08:25:42', '2026-06-01 08:25:42'),
(202902, 2029, 'GN-2029-2', ' 胶原蛋白紧致弹润面膜10片装 10片 礼盒装(含赠品)', '[{"k":"规格","v":"10片"},{"k":"包装","v":"礼盒装(含赠品)"}]', 19900, 21600, 5970, 'https://cdn.example.com/sku/202902.jpg', 180, 884, 0, '2026-06-01 08:25:42', '2026-06-01 08:25:42'),
(202903, 2029, 'GN-2029-3', ' 胶原蛋白紧致弹润面膜10片装 5片 盒装', '[{"k":"规格","v":"5片"},{"k":"包装","v":"盒装"}]', 16900, 18600, 5070, 'https://cdn.example.com/sku/202903.jpg', 180, 473, 0, '2026-06-01 08:25:42', '2026-06-01 08:25:42'),
(202904, 2029, 'GN-2029-4', ' 胶原蛋白紧致弹润面膜10片装 20片 盒装', '[{"k":"规格","v":"20片"},{"k":"包装","v":"盒装"}]', 23900, 25600, 7170, 'https://cdn.example.com/sku/202904.jpg', 180, 1987, 0, '2026-06-01 08:25:42', '2026-06-01 08:25:42'),
(203001, 2030, 'GN-2030-1', ' 维C提亮抗氧面膜10片装 10片 盒装', '[{"k":"规格","v":"10片"},{"k":"包装","v":"盒装"}]', 13900, 15300, 4170, 'https://cdn.example.com/sku/203001.jpg', 170, 62, 0, '2026-06-01 08:25:42', '2026-06-01 08:25:42'),
(203002, 2030, 'GN-2030-2', ' 维C提亮抗氧面膜10片装 10片 礼盒装(含赠品)', '[{"k":"规格","v":"10片"},{"k":"包装","v":"礼盒装(含赠品)"}]', 16900, 18300, 5070, 'https://cdn.example.com/sku/203002.jpg', 170, 1797, 0, '2026-06-01 08:25:42', '2026-06-01 08:25:42'),
(203003, 2030, 'GN-2030-3', ' 维C提亮抗氧面膜10片装 5片 盒装', '[{"k":"规格","v":"5片"},{"k":"包装","v":"盒装"}]', 13900, 15300, 4170, 'https://cdn.example.com/sku/203003.jpg', 170, 1688, 0, '2026-06-01 08:25:42', '2026-06-01 08:25:42'),
(203004, 2030, 'GN-2030-4', ' 维C提亮抗氧面膜10片装 5片 试用装', '[{"k":"规格","v":"5片"},{"k":"包装","v":"试用装"}]', 12400, 13800, 3720, 'https://cdn.example.com/sku/203004.jpg', 170, 608, 0, '2026-06-01 08:25:42', '2026-06-01 08:25:42'),
(203005, 2030, 'GN-2030-5', ' 维C提亮抗氧面膜10片装 20片 盒装', '[{"k":"规格","v":"20片"},{"k":"包装","v":"盒装"}]', 19900, 21300, 5970, 'https://cdn.example.com/sku/203005.jpg', 170, 738, 0, '2026-06-01 08:25:42', '2026-06-01 08:25:42');
SELECT 'SKU数据导入完成' AS `status`;

-- ----------------------------
-- 3. SKU 库存数据
-- ----------------------------
INSERT INTO `mall_product_sku_stock` (
    `sku_id`, `total_stock`, `available_stock`, `locked_stock`,
    `sold_stock`, `frozen_stock`, `is_deleted`,
    `create_time`, `update_time`, `version`
) VALUES
(200101, 763, 620, 14, 125, 4, 0, '2026-06-01 08:25:42', '2026-06-01 08:25:42', 0),
(200102, 409, 172, 47, 173, 17, 0, '2026-06-01 08:25:42', '2026-06-01 08:25:42', 0),
(200103, 1409, 975, 2, 432, 0, 0, '2026-06-01 08:25:42', '2026-06-01 08:25:42', 0),
(200104, 647, 477, 32, 119, 19, 0, '2026-06-01 08:25:42', '2026-06-01 08:25:42', 0),
(200105, 1349, 1081, 45, 203, 20, 0, '2026-06-01 08:25:42', '2026-06-01 08:25:42', 0),
(200106, 1316, 859, 14, 429, 14, 0, '2026-06-01 08:25:42', '2026-06-01 08:25:42', 0),
(200201, 1980, 1914, 48, 13, 5, 0, '2026-06-01 08:25:42', '2026-06-01 08:25:42', 0),
(200202, 1065, 696, 17, 348, 4, 0, '2026-06-01 08:25:42', '2026-06-01 08:25:42', 0),
(200203, 1763, 1066, 6, 689, 2, 0, '2026-06-01 08:25:42', '2026-06-01 08:25:42', 0),
(200204, 398, 266, 22, 91, 19, 0, '2026-06-01 08:25:42', '2026-06-01 08:25:42', 0),
(200205, 1852, 1704, 46, 88, 14, 0, '2026-06-01 08:25:42', '2026-06-01 08:25:42', 0),
(200301, 975, 851, 35, 80, 9, 0, '2026-06-01 08:25:42', '2026-06-01 08:25:42', 0),
(200302, 1487, 813, 23, 633, 18, 0, '2026-06-01 08:25:42', '2026-06-01 08:25:42', 0),
(200303, 1642, 1562, 2, 71, 7, 0, '2026-06-01 08:25:42', '2026-06-01 08:25:42', 0),
(200304, 792, 735, 14, 40, 3, 0, '2026-06-01 08:25:42', '2026-06-01 08:25:42', 0),
(200305, 769, 486, 40, 232, 11, 0, '2026-06-01 08:25:42', '2026-06-01 08:25:42', 0),
(200401, 629, 249, 17, 343, 20, 0, '2026-06-01 08:25:42', '2026-06-01 08:25:42', 0),
(200402, 1447, 770, 10, 650, 17, 0, '2026-06-01 08:25:42', '2026-06-01 08:25:42', 0),
(200403, 701, 577, 29, 83, 12, 0, '2026-06-01 08:25:42', '2026-06-01 08:25:42', 0),
(200404, 1510, 764, 35, 704, 7, 0, '2026-06-01 08:25:42', '2026-06-01 08:25:42', 0),
(200405, 864, 792, 14, 57, 1, 0, '2026-06-01 08:25:42', '2026-06-01 08:25:42', 0),
(200501, 335, 235, 36, 54, 10, 0, '2026-06-01 08:25:42', '2026-06-01 08:25:42', 0),
(200502, 1542, 986, 25, 511, 20, 0, '2026-06-01 08:25:42', '2026-06-01 08:25:42', 0),
(200503, 492, 342, 8, 135, 7, 0, '2026-06-01 08:25:42', '2026-06-01 08:25:42', 0),
(200504, 1349, 764, 16, 551, 18, 0, '2026-06-01 08:25:42', '2026-06-01 08:25:42', 0),
(200505, 1395, 957, 23, 408, 7, 0, '2026-06-01 08:25:42', '2026-06-01 08:25:42', 0),
(200601, 386, 187, 3, 193, 3, 0, '2026-06-01 08:25:42', '2026-06-01 08:25:42', 0),
(200602, 1485, 1259, 50, 163, 13, 0, '2026-06-01 08:25:42', '2026-06-01 08:25:42', 0),
(200603, 330, 189, 24, 98, 19, 0, '2026-06-01 08:25:42', '2026-06-01 08:25:42', 0),
(200604, 1283, 991, 35, 257, 0, 0, '2026-06-01 08:25:42', '2026-06-01 08:25:42', 0),
(200701, 1299, 494, 17, 768, 20, 0, '2026-06-01 08:25:42', '2026-06-01 08:25:42', 0),
(200702, 428, 246, 27, 150, 5, 0, '2026-06-01 08:25:42', '2026-06-01 08:25:42', 0),
(200703, 206, 30, 46, 122, 8, 0, '2026-06-01 08:25:42', '2026-06-01 08:25:42', 0),
(200704, 1760, 1360, 32, 365, 3, 0, '2026-06-01 08:25:42', '2026-06-01 08:25:42', 0),
(200705, 1480, 1119, 40, 305, 16, 0, '2026-06-01 08:25:42', '2026-06-01 08:25:42', 0),
(200801, 1761, 1381, 34, 330, 16, 0, '2026-06-01 08:25:42', '2026-06-01 08:25:42', 0),
(200802, 201, 90, 20, 76, 15, 0, '2026-06-01 08:25:42', '2026-06-01 08:25:42', 0),
(200803, 429, 218, 19, 185, 7, 0, '2026-06-01 08:25:42', '2026-06-01 08:25:42', 0),
(200804, 693, 396, 5, 290, 2, 0, '2026-06-01 08:25:42', '2026-06-01 08:25:42', 0),
(200901, 1757, 1477, 8, 257, 15, 0, '2026-06-01 08:25:42', '2026-06-01 08:25:42', 0),
(200902, 1325, 1124, 16, 169, 16, 0, '2026-06-01 08:25:42', '2026-06-01 08:25:42', 0),
(200903, 1442, 979, 13, 433, 17, 0, '2026-06-01 08:25:42', '2026-06-01 08:25:42', 0),
(200904, 1694, 967, 12, 706, 9, 0, '2026-06-01 08:25:42', '2026-06-01 08:25:42', 0),
(200905, 1575, 873, 23, 665, 14, 0, '2026-06-01 08:25:42', '2026-06-01 08:25:42', 0),
(201001, 707, 578, 4, 115, 10, 0, '2026-06-01 08:25:42', '2026-06-01 08:25:42', 0),
(201002, 1404, 805, 14, 567, 18, 0, '2026-06-01 08:25:42', '2026-06-01 08:25:42', 0),
(201003, 214, 131, 45, 18, 20, 0, '2026-06-01 08:25:42', '2026-06-01 08:25:42', 0),
(201004, 668, 622, 2, 34, 10, 0, '2026-06-01 08:25:42', '2026-06-01 08:25:42', 0),
(201101, 770, 391, 31, 342, 6, 0, '2026-06-01 08:25:42', '2026-06-01 08:25:42', 0),
(201102, 470, 198, 15, 242, 15, 0, '2026-06-01 08:25:42', '2026-06-01 08:25:42', 0),
(201103, 1033, 830, 6, 194, 3, 0, '2026-06-01 08:25:42', '2026-06-01 08:25:42', 0),
(201104, 1082, 680, 27, 362, 13, 0, '2026-06-01 08:25:42', '2026-06-01 08:25:42', 0),
(201105, 1969, 1796, 43, 110, 20, 0, '2026-06-01 08:25:42', '2026-06-01 08:25:42', 0),
(201201, 1691, 1331, 6, 347, 7, 0, '2026-06-01 08:25:42', '2026-06-01 08:25:42', 0),
(201202, 589, 283, 28, 274, 4, 0, '2026-06-01 08:25:42', '2026-06-01 08:25:42', 0),
(201203, 575, 397, 29, 142, 7, 0, '2026-06-01 08:25:42', '2026-06-01 08:25:42', 0),
(201204, 354, 203, 35, 113, 3, 0, '2026-06-01 08:25:42', '2026-06-01 08:25:42', 0),
(201301, 1912, 1870, 5, 30, 7, 0, '2026-06-01 08:25:42', '2026-06-01 08:25:42', 0),
(201302, 1032, 499, 30, 497, 6, 0, '2026-06-01 08:25:42', '2026-06-01 08:25:42', 0),
(201303, 1021, 939, 10, 60, 12, 0, '2026-06-01 08:25:42', '2026-06-01 08:25:42', 0),
(201304, 999, 664, 50, 271, 14, 0, '2026-06-01 08:25:42', '2026-06-01 08:25:42', 0),
(201401, 1696, 844, 35, 802, 15, 0, '2026-06-01 08:25:42', '2026-06-01 08:25:42', 0),
(201402, 588, 423, 13, 151, 1, 0, '2026-06-01 08:25:42', '2026-06-01 08:25:42', 0),
(201403, 1706, 1525, 47, 124, 10, 0, '2026-06-01 08:25:42', '2026-06-01 08:25:42', 0),
(201404, 302, 107, 30, 149, 16, 0, '2026-06-01 08:25:42', '2026-06-01 08:25:42', 0),
(201501, 1240, 1145, 11, 82, 2, 0, '2026-06-01 08:25:42', '2026-06-01 08:25:42', 0),
(201502, 339, 140, 15, 172, 12, 0, '2026-06-01 08:25:42', '2026-06-01 08:25:42', 0),
(201503, 1366, 1058, 37, 252, 19, 0, '2026-06-01 08:25:42', '2026-06-01 08:25:42', 0),
(201504, 1468, 1341, 26, 83, 18, 0, '2026-06-01 08:25:42', '2026-06-01 08:25:42', 0),
(201505, 1270, 925, 16, 323, 6, 0, '2026-06-01 08:25:42', '2026-06-01 08:25:42', 0),
(201601, 1010, 814, 42, 134, 20, 0, '2026-06-01 08:25:42', '2026-06-01 08:25:42', 0),
(201602, 1136, 763, 48, 323, 2, 0, '2026-06-01 08:25:42', '2026-06-01 08:25:42', 0),
(201603, 1138, 463, 36, 636, 3, 0, '2026-06-01 08:25:42', '2026-06-01 08:25:42', 0),
(201604, 1301, 1043, 32, 218, 8, 0, '2026-06-01 08:25:42', '2026-06-01 08:25:42', 0),
(201701, 340, 246, 23, 62, 9, 0, '2026-06-01 08:25:42', '2026-06-01 08:25:42', 0),
(201702, 1097, 487, 45, 556, 9, 0, '2026-06-01 08:25:42', '2026-06-01 08:25:42', 0),
(201703, 1852, 752, 0, 1083, 17, 0, '2026-06-01 08:25:42', '2026-06-01 08:25:42', 0),
(201704, 1558, 1436, 8, 106, 8, 0, '2026-06-01 08:25:42', '2026-06-01 08:25:42', 0),
(201801, 1720, 1376, 17, 318, 9, 0, '2026-06-01 08:25:42', '2026-06-01 08:25:42', 0),
(201802, 631, 237, 21, 367, 6, 0, '2026-06-01 08:25:42', '2026-06-01 08:25:42', 0),
(201803, 1498, 593, 16, 873, 16, 0, '2026-06-01 08:25:42', '2026-06-01 08:25:42', 0),
(201804, 714, 663, 5, 26, 20, 0, '2026-06-01 08:25:42', '2026-06-01 08:25:42', 0),
(201901, 290, 265, 21, 0, 4, 0, '2026-06-01 08:25:42', '2026-06-01 08:25:42', 0),
(201902, 736, 593, 47, 82, 14, 0, '2026-06-01 08:25:42', '2026-06-01 08:25:42', 0),
(201903, 1645, 1173, 35, 437, 0, 0, '2026-06-01 08:25:42', '2026-06-01 08:25:42', 0),
(201904, 354, 152, 9, 176, 17, 0, '2026-06-01 08:25:42', '2026-06-01 08:25:42', 0),
(201905, 1909, 1099, 37, 756, 17, 0, '2026-06-01 08:25:42', '2026-06-01 08:25:42', 0),
(201906, 1080, 939, 2, 130, 9, 0, '2026-06-01 08:25:42', '2026-06-01 08:25:42', 0),
(202001, 1830, 1721, 22, 81, 6, 0, '2026-06-01 08:25:42', '2026-06-01 08:25:42', 0),
(202002, 711, 353, 6, 341, 11, 0, '2026-06-01 08:25:42', '2026-06-01 08:25:42', 0),
(202003, 1346, 887, 39, 416, 4, 0, '2026-06-01 08:25:42', '2026-06-01 08:25:42', 0),
(202004, 684, 577, 11, 83, 13, 0, '2026-06-01 08:25:42', '2026-06-01 08:25:42', 0),
(202005, 567, 334, 50, 170, 13, 0, '2026-06-01 08:25:42', '2026-06-01 08:25:42', 0),
(202006, 1571, 633, 47, 884, 7, 0, '2026-06-01 08:25:42', '2026-06-01 08:25:42', 0),
(202101, 1636, 1501, 24, 110, 1, 0, '2026-06-01 08:25:42', '2026-06-01 08:25:42', 0),
(202102, 1163, 910, 12, 227, 14, 0, '2026-06-01 08:25:42', '2026-06-01 08:25:42', 0),
(202103, 825, 348, 50, 420, 7, 0, '2026-06-01 08:25:42', '2026-06-01 08:25:42', 0),
(202104, 248, 164, 25, 49, 10, 0, '2026-06-01 08:25:42', '2026-06-01 08:25:42', 0),
(202105, 1970, 1771, 49, 142, 8, 0, '2026-06-01 08:25:42', '2026-06-01 08:25:42', 0),
(202201, 1018, 448, 21, 549, 0, 0, '2026-06-01 08:25:42', '2026-06-01 08:25:42', 0),
(202202, 1996, 1433, 11, 534, 18, 0, '2026-06-01 08:25:42', '2026-06-01 08:25:42', 0),
(202203, 278, 200, 38, 27, 13, 0, '2026-06-01 08:25:42', '2026-06-01 08:25:42', 0),
(202204, 1692, 854, 20, 805, 13, 0, '2026-06-01 08:25:42', '2026-06-01 08:25:42', 0),
(202205, 1247, 1087, 24, 118, 18, 0, '2026-06-01 08:25:42', '2026-06-01 08:25:42', 0),
(202206, 721, 641, 45, 22, 13, 0, '2026-06-01 08:25:42', '2026-06-01 08:25:42', 0),
(202301, 1851, 700, 43, 1102, 6, 0, '2026-06-01 08:25:42', '2026-06-01 08:25:42', 0),
(202302, 1083, 960, 42, 71, 10, 0, '2026-06-01 08:25:42', '2026-06-01 08:25:42', 0),
(202303, 842, 487, 7, 339, 9, 0, '2026-06-01 08:25:42', '2026-06-01 08:25:42', 0),
(202304, 833, 456, 26, 341, 10, 0, '2026-06-01 08:25:42', '2026-06-01 08:25:42', 0),
(202305, 1627, 1286, 35, 302, 4, 0, '2026-06-01 08:25:42', '2026-06-01 08:25:42', 0),
(202401, 976, 741, 39, 178, 18, 0, '2026-06-01 08:25:42', '2026-06-01 08:25:42', 0),
(202402, 1031, 461, 0, 561, 9, 0, '2026-06-01 08:25:42', '2026-06-01 08:25:42', 0),
(202403, 630, 342, 50, 220, 18, 0, '2026-06-01 08:25:42', '2026-06-01 08:25:42', 0),
(202404, 1540, 1168, 29, 329, 14, 0, '2026-06-01 08:25:42', '2026-06-01 08:25:42', 0),
(202405, 1583, 1318, 32, 218, 15, 0, '2026-06-01 08:25:42', '2026-06-01 08:25:42', 0),
(202406, 1830, 1439, 42, 347, 2, 0, '2026-06-01 08:25:42', '2026-06-01 08:25:42', 0),
(202501, 1496, 839, 21, 634, 2, 0, '2026-06-01 08:25:42', '2026-06-01 08:25:42', 0),
(202502, 1738, 1205, 43, 481, 9, 0, '2026-06-01 08:25:42', '2026-06-01 08:25:42', 0),
(202503, 1851, 1435, 9, 407, 0, 0, '2026-06-01 08:25:42', '2026-06-01 08:25:42', 0),
(202504, 701, 417, 39, 243, 2, 0, '2026-06-01 08:25:42', '2026-06-01 08:25:42', 0),
(202601, 1489, 876, 12, 589, 12, 0, '2026-06-01 08:25:42', '2026-06-01 08:25:42', 0),
(202602, 1018, 740, 9, 249, 20, 0, '2026-06-01 08:25:42', '2026-06-01 08:25:42', 0),
(202603, 211, 46, 48, 114, 3, 0, '2026-06-01 08:25:42', '2026-06-01 08:25:42', 0),
(202604, 1070, 819, 11, 224, 16, 0, '2026-06-01 08:25:42', '2026-06-01 08:25:42', 0),
(202701, 710, 615, 29, 62, 4, 0, '2026-06-01 08:25:42', '2026-06-01 08:25:42', 0),
(202702, 1151, 418, 33, 683, 17, 0, '2026-06-01 08:25:42', '2026-06-01 08:25:42', 0),
(202703, 849, 301, 48, 486, 14, 0, '2026-06-01 08:25:42', '2026-06-01 08:25:42', 0),
(202704, 1869, 792, 27, 1033, 17, 0, '2026-06-01 08:25:42', '2026-06-01 08:25:42', 0),
(202705, 525, 246, 28, 243, 8, 0, '2026-06-01 08:25:42', '2026-06-01 08:25:42', 0),
(202801, 767, 310, 49, 392, 16, 0, '2026-06-01 08:25:42', '2026-06-01 08:25:42', 0),
(202802, 1483, 1208, 17, 244, 14, 0, '2026-06-01 08:25:42', '2026-06-01 08:25:42', 0),
(202803, 1661, 1346, 15, 292, 8, 0, '2026-06-01 08:25:42', '2026-06-01 08:25:42', 0),
(202804, 854, 760, 8, 82, 4, 0, '2026-06-01 08:25:42', '2026-06-01 08:25:42', 0),
(202901, 512, 386, 4, 109, 13, 0, '2026-06-01 08:25:42', '2026-06-01 08:25:42', 0),
(202902, 877, 373, 26, 477, 1, 0, '2026-06-01 08:25:42', '2026-06-01 08:25:42', 0),
(202903, 1905, 1003, 24, 860, 18, 0, '2026-06-01 08:25:42', '2026-06-01 08:25:42', 0),
(202904, 1624, 1538, 48, 20, 18, 0, '2026-06-01 08:25:42', '2026-06-01 08:25:42', 0),
(203001, 920, 555, 48, 305, 12, 0, '2026-06-01 08:25:42', '2026-06-01 08:25:42', 0),
(203002, 1911, 1002, 34, 858, 17, 0, '2026-06-01 08:25:42', '2026-06-01 08:25:42', 0),
(203003, 1435, 1172, 31, 225, 7, 0, '2026-06-01 08:25:42', '2026-06-01 08:25:42', 0),
(203004, 1092, 582, 1, 497, 12, 0, '2026-06-01 08:25:42', '2026-06-01 08:25:42', 0),
(203005, 1569, 844, 25, 695, 5, 0, '2026-06-01 08:25:42', '2026-06-01 08:25:42', 0);
SELECT '库存数据导入完成' AS `status`;